d1Avg (nm),d1Error (nm),d2Avg (nm),d2Error (nm)
645.0252025096439,18.05725607511507,617.3267926544285,1.6185802272624514
