d1Avg (nm),d1Error (nm),d2Avg (nm),d2Error (nm)
681.691553855042,27.627135419914293,649.9463984942913,6.788662028399908
