d1Avg (nm),d1Error (nm),d2Avg (nm),d2Error (nm)
708.2984985368762,36.15534891323777,660.6711750101359,2.441250489387518
