d1Avg (nm),d1Error (nm),d2Avg (nm),d2Error (nm)
752.7511232625567,11.675962872700808,721.9114967602032,1.1505920949261572
