d1Avg (nm),d1Error (nm),d2Avg (nm),d2Error (nm)
552.2514638550414,32.16458713151315,527.9334654420834,2.2401387675771933
