d1Avg (nm),d1Error (nm),d2Avg (nm),d2Error (nm)
623.3184386715501,20.178077422056646,595.4497678635712,0.47364464847827636
