d1Avg (nm),d1Error (nm),d2Avg (nm),d2Error (nm)
590.9928673448746,29.10971554115535,566.3060207855531,7.498756555561031
