d1Avg (nm),Δd1(nm),d2Avg (nm),Δd2 (nm)
450.40244664257625,44.46071480589961,435.82326289489197,10.98455851335028
