d1Avg (nm),Δd1(nm),d2Avg (nm),Δd2 (nm)
885.9408723662546,27.788488691876864,921.6658141698671,5.045944140753662
