d1Avg (nm),Δd1(nm),d2Avg (nm),Δd2 (nm)
906.2895763486973,218.65035553208958,899.1892741723796,6.231474137542739
