d1Avg (nm),Δd1(nm),d2Avg (nm),Δd2 (nm)
638.0251390524868,25.422407235200865,633.0080479854194,12.103305016675579
