d1Avg (nm),Δd1(nm),d2Avg (nm),Δd2 (nm)
1700.4219104643828,580.8254514896188,1706.5625581586314,16.21133850737488
