d1Avg (nm),Δd1(nm),d2Avg (nm),Δd2 (nm)
971.1302550874489,92.32451776383868,973.8701068691088,10.030723704659506
