d1Avg (nm),Δd1(nm),d2Avg (nm),Δd2 (nm)
928.7774991078734,159.71546358306855,919.6024775094872,7.982446021337582
