d1Avg (nm),Δd1(nm),d2Avg (nm),Δd2 (nm)
950.8248309812994,26.22020702459164,960.4504524196537,4.352152694168027
