d1Avg (nm),Δd1(nm),d2Avg (nm),Δd2 (nm)
640.8453774693209,21.863040708017635,631.5120613468279,11.854106551602001
