d1Avg (nm),Δd1(nm),d2Avg (nm),Δd2 (nm)
1383.698099427742,112.36829775559643,1373.4826925205296,7.785860795763549
