d1Avg (nm),Δd1(nm),d2Avg (nm),Δd2 (nm)
2177.751663408589,101.68642579928593,2199.9533552887665,9.069006198983299
