d1Avg (nm),Δd1(nm),d2Avg (nm),Δd2 (nm)
2187.9119194545583,303.1920494010021,2196.6353695662738,43.48870153409281
