d1Avg (nm),Δd1(nm),d2Avg (nm),Δd2 (nm)
2312.4344408778347,203.1874941909261,2299.0546843509374,22.388945317430874
