d1Avg (nm),Δd1(nm),d2Avg (nm),Δd2 (nm)
2310.130567136757,217.94994688912712,2299.918747940992,23.569577136996234
