d1Avg (nm),Δd1(nm),d2Avg (nm),Δd2 (nm)
2206.3585171615505,111.72605026457863,2205.861982308559,8.549845949421538
