d1Avg (nm),Δd1(nm),d2Avg (nm),Δd2 (nm)
621.2725589853152,7.921055277640654,608.6388945266682,2.538917636481762
