d1Avg (nm),Δd1(nm),d2Avg (nm),Δd2 (nm)
479.55066661331176,4.884670613540024,490.2451043973938,2.623294712170448
