d1Avg (nm),Δd1(nm),d2Avg (nm),Δd2 (nm)
1686.4190848395688,27.51419535186866,1708.1364390031895,7.5718396736203415
