d1Avg (nm),Δd1(nm),d2Avg (nm),Δd2 (nm)
756.4214634422488,13.173036199792902,756.4174619079215,2.4494679400184785
