d1Avg (nm),Δd1(nm),d2Avg (nm),Δd2 (nm)
478.3118352495242,5.770730075182541,493.2606423429605,2.7282406362507836
