d1Avg (nm),Δd1(nm),d2Avg (nm),Δd2 (nm)
685.4025809647409,18.908683313883365,699.4950343300152,2.12201829429718
