d1Avg (nm),Δd1(nm),d2Avg (nm),Δd2 (nm)
2553.1114961667326,41.52958319922063,2544.9150677828675,10.736682579384743
