d1Avg (nm),Δd1(nm),d2Avg (nm),Δd2 (nm)
616.6479632681055,7.779342950553169,606.0946191718585,2.560752854319637
