λ (nm),TM,Tm,TM Corrected,Tm Corrected,n1,Δn1,d1 (nm),Δd1 (nm),m,Δm,d2 (nm),Δd2 (nm),n2,Δn2,κ,α1 (cm^-1),α2 (cm^-1),discarded
421.0,0.7992523096190741,0.7931400229234359,0.8012239276883069,0.7936542944308014,1.8591494925307692,0.0079230080090046,919.5812086521713,3.65618927732244,7.0,0.029831412850795432,792.566711778619,3.3776263986950537,1.8936354067269983,0.008069974229565288,0.0018599125735242316,555.1627246843716,555.1627246843716,yes
439.0,0.8037473324944834,0.7970020271231703,0.7970023749806219,0.7977319463776815,1.8146085007751303,0.007857126574729518,842.4180336761888,2.7636864150509353,6.5,0.028144540662036015,786.2577516806231,3.4044405020025095,1.8335556949764131,0.007939166586672517,0.0024197191922513055,692.6443770502897,692.6443770502898,no
480.0,0.8144273373976608,0.8019943821044233,0.8148748272866139,0.8024155550367417,1.8587070142004942,0.007752584948507905,826.6440790076367,2.216951093148442,6.0,0.025025735274935543,774.7321062428996,3.231373433304674,1.8505836346704292,0.0077187026908983655,0.0019607787435778723,513.3306746782723,513.3306746782723,no
516.0,0.8230045283034692,0.805459082979981,0.8121410228491516,0.8057656823818501,1.826627101727598,0.007568758416452905,793.2990459750099,1.7605185982818568,5.5,0.022789638482380803,776.8416436271694,3.218898221149399,1.8235959566648188,0.007556198652785925,0.002348305089508268,571.8928695803642,571.8928695803639,no
572.0,0.8313552649394789,0.8115699550154993,0.8315879563211951,0.811885742723413,1.8689819965816257,0.007574685788584546,840.0096437836714,1.5750176509917773,5.0,0.020264202122970344,765.1224049324578,3.100919012472897,1.8377323594296624,0.007448035995881172,0.001684325594884538,370.0325115484282,370.0325115484281,no
625.0,0.8422710016647554,0.8158001963015247,0.8244630726178866,0.8159360187423993,1.818559788899039,0.00734607654032531,1225.6815632871626,1.8563511271003876,4.5,0.01817776057364432,773.2767482180762,3.1236532413943188,1.807210580732841,0.007300231387270732,0.002289210525719326,460.2730860876968,460.27308608769675,yes
712.0,0.8555614824641965,0.8214810042677172,0.8556581908074752,0.8216841694680255,1.9026204843605399,0.007397066891798144,1146.9124500576086,1.3296818551560605,4.0,0.015551323982058895,748.4414320697269,2.909813797928112,1.8300215942852023,0.0071148146767232795,0.0008859130461901476,156.35830997923162,156.35830997923162,yes
