λ (nm),TMS,TmS,TM,Tm,n1,d1 (nm),m,d2 (nm),n2,κ,α1 (cm^-1),α2 (cm^-1),discarded
268.0,0.7477245808873375,0.6929223172100897,0.7505770913407209,0.7477242631548444,2.004887058937179,1472.705488919268,7.0,467.856778175449,1.8960770868542391,0.003657998515146229,1715.2151137351887,1715.2151137351889,yes
282.0,0.7646766930489006,0.703183991630484,0.7668579972313362,0.7044201609456974,2.220223105391391,331.48250626230504,7.5,476.30348384000763,2.137634882034497,0.003218657729162768,1434.2853157954266,1434.2853157954266,yes
308.0,0.796090093473823,0.7231393670941371,0.7970276074337744,0.7240188433713495,2.199554485434516,337.37240078581374,7.0,490.09924834257697,2.1790736669817377,0.0017014853664339264,694.2044061531636,694.2044061531636,no
334.0,0.8044807688085834,0.7430947425577903,0.8051912995648336,0.7436175257970017,2.1258286223370173,349.3869433926464,6.5,510.62441656593273,2.194234198059996,0.0007999373944802045,300.9673583030863,300.9673583030863,no
373.0,0.8170829301466261,0.7517182445520285,0.817452549255131,0.7520790724025469,2.1109445875339583,333.0129020621445,6.0,530.094445211011,2.261951236876219,-0.00048338810421628666,-162.85346027223417,-162.85346027223412,no
419.0,0.8217441103411878,0.76189919790695,0.8220122498003772,0.762068820344753,2.0672111922885557,348.14627960791563,4.5,456.0491949331534,1.9056787565371363,0.003603907474009132,1080.8600710801372,1080.8600710801372,no
490.0,0.8289385406414894,0.7696153054367505,0.8290500484680399,0.7697260827068945,2.0373835142082273,360.6375875084696,4.0,481.00909483448424,1.9809760608924887,0.0024875487712100125,637.9481587820158,637.9481587820156,no
576.0,0.8372492983937773,0.7789663841872919,0.837331743383578,0.7790058475475737,2.0145601972025395,457.0769088289334,3.5,500.357349162229,2.0375753769179883,0.0010422437596944642,227.3823151879121,227.3823151879121,no
738.0,0.8528988745471786,0.7789663841872919,0.8529265927490611,0.7790058475475737,2.045361191807391,530.8498358248232,3.0,541.2247012576763,2.237694387151005,-0.0038850733414593987,-661.5348438041408,-661.5348438041408,yes
