λ (nm),TMS,TmS,TM,Tm,n1,d1 (nm),m,d2 (nm),n2,κ,α1 (cm^-1),α2 (cm^-1),discarded
268.0,0.7477245808873375,0.6929223172100897,0.7505770913407209,0.7477242631548444,2.004887058937179,1472.705488919268,5.0,334.18341298246355,1.888642609609111,0.0051846493760558336,2431.053192724763,2431.053192724763,yes
282.0,0.7646766930489006,0.703183991630484,0.7668579972313362,0.7044201609456974,2.220223105391391,331.48250626230504,5.5,349.28922148267225,2.1860333488833814,0.0038394989279809176,1710.9420745547145,1710.9420745547145,yes
308.0,0.796090093473823,0.7231393670941371,0.7970276074337744,0.7240188433713495,2.199554485434516,337.37240078581374,5.0,350.0708916732693,2.170529566267187,0.002492419464085849,1016.9047633813393,1016.9047633813393,yes
334.0,0.8044807688085834,0.7430947425577903,0.8051912995648336,0.7436175257970017,2.1258286223370173,349.3869433926464,4.5,353.50921146872264,2.118380479285443,0.00221705031160826,834.1399965973019,834.1399965973019,no
373.0,0.8170829301466261,0.7517182445520285,0.817452549255131,0.7520790724025469,2.1109445875339583,333.0129020621445,4.0,353.39629680734066,2.1028766966692487,0.00184681459347271,622.1918669593872,622.1918669593872,no
419.0,0.8217441103411878,0.76189919790695,0.8220122498003772,0.762068820344753,2.0672111922885557,348.14627960791563,3.5,354.70492939245264,2.066936109695344,0.0020285451470808194,608.3878311736829,608.3878311736828,no
490.0,0.8289385406414894,0.7696153054367505,0.8290500484680399,0.7697260827068945,2.0373835142082273,360.6375875084696,3.0,360.7568211258632,2.0718691314368605,0.001531130309702794,392.6683863388541,392.66838633885396,yes
576.0,0.8372492983937773,0.7789663841872919,0.837331743383578,0.7790058475475737,2.0145601972025395,457.0769088289334,2.5,357.39810654444926,2.029586087938149,0.0016490770688253708,359.77280587674824,359.7728058767482,no
738.0,0.8528988745471786,0.7789663841872919,0.8529265927490611,0.7790058475475737,2.045361191807391,530.8498358248232,2.0,360.81646750511754,2.0803257401366024,-0.0006149153866642232,-104.70534749721683,-104.70534749721683,yes
