dAvg,dError
482.6821852636125,1.4112382532907108
