d1Avg (nm),d1Error (nm),d2Avg (nm),d2Error (nm)
787.0129017415619,26.215184342751876,769.0310763712565,8.436493255425756
