"dAvg,dError"
956.620827392464,28.004861242154732
