d1Avg (nm),d1Error (nm),d2Avg (nm),d2Error (nm)
1891.8851605601826,130.306311935305,1894.046851920571,6.216798278381638
