dAvg,dError
971.6876132780297,21.957661630593694
