"dAvg,dError"
707.8349170862768,14.81820558515286
