dAvg,dError
685.56254108485,10.818528509568514
