d1Avg (nm),d1Error (nm),d2Avg (nm),d2Error (nm)
762.1599838022059,51.46041943740759,772.4720560913312,11.164257887388118
