"dAvg,dError"
755.6343855860205,7.835114814020579
