d1Avg (nm),d1Error (nm),d2Avg (nm),d2Error (nm)
537.365530835713,41.59501776561035,526.8910034900589,11.487894211349523
