"dAvgMax,dErrorMax",dAvgMin,dErrorMin
686.918630487957,14.615379718056978,689.0024986910926,19.179076621167575
