dAvg (nm),dError (nm)
594.936807868636,0.43333397522442413
