"dAvgMax,dErrorMax",dAvgMin,dErrorMin
1010.6806685705071,0.66295888518041,791.3751960487125,67.57493420035644
