dAvg (nm),dError (nm)
1642.246026584837,37.15127514236074
