"dAvg,dError"
685.5625410848498,10.818528509568514
