"dAvg,dError"
1672.4912306534006,33.643970599248526
