d1Avg (nm),d1Error (nm),d2Avg (nm),d2Error (nm)
666.4438029880922,36.50363280704296,667.8976821570755,13.995229359538998
