d1Avg (nm),d1Error (nm),d2Avg (nm),d2Error (nm)
876.8114432455769,51.43811829397607,879.3920797347686,5.229021741530915
