dAvg,dError
707.8349170862767,14.81820558515286
