dAvg,dError
750.1820034721751,6.373927615529567
