d1Avg (nm),d1Error (nm),d2Avg (nm),d2Error (nm)
2117.7151774680947,1327.9817440991205,2124.002728867686,10.933168197055256
