"dAvg,dError"
605.1132617358585,9.526749415974779
