"dAvgMax,dErrorMax",dAvgMin,dErrorMin
1669.5895522090857,50.40608614848201,1603.2920855067146,52.831474830389794
