"dAvgMax,dErrorMax",dAvgMin,dErrorMin
700.3237556121221,11.623682343303084,716.8483108552625,28.95542362201529
