dAvg (nm),dError (nm)
685.56254108485,10.818528509568514
