"dAvgMax,dErrorMax",dAvgMin,dErrorMin
743.0092799115174,1.8804552987406198,743.5284570308546,1.199240966653493
