"dAvgMax,dErrorMax",dAvgMin,dErrorMin
595.4881239040125,0.500723199004964,593.8573278030241,0.05408834095454771
