"dAvgMax,dErrorMax",dAvgMin,dErrorMin
482.7198688493003,2.705412611289548,482.64450167792467,0.8039939095319018
