d1Avg (nm),Δd1(nm),d2Avg (nm),Δd2 (nm)
2805.5955033867326,140.26171399167544,2823.084987281669,9.522633689483378
