d1Avg (nm),Δd1(nm),d2Avg (nm),Δd2 (nm)
2675.273295233388,148.24306924935613,2655.0332902046275,9.126292602313915
