d1Avg (nm),Δd1(nm),d2Avg (nm),Δd2 (nm)
3748.2095879391295,78.1772290534688,3714.543381552318,10.558545171379121
