d1Avg (nm),Δd1(nm),d2Avg (nm),Δd2 (nm)
740.6655580236153,11.692256563421806,752.9417593448128,2.612482849205964
