d1Avg (nm),Δd1(nm),d2Avg (nm),Δd2 (nm)
461.4865664415074,7.045953052136327,482.85341563427744,3.952210045309542
