d1Avg (nm),Δd1(nm),d2Avg (nm),Δd2 (nm)
673.0102446448616,19.392473095529553,685.3027947246471,3.6716305378972853
