d1Avg (nm),Δd1(nm),d2Avg (nm),Δd2 (nm)
459.642226676863,47.02526755515836,468.5142337166544,11.003986338347026
