d1Avg (nm),Δd1(nm),d2Avg (nm),Δd2 (nm)
450.7995855786023,44.478095105692674,454.6821589065727,11.941396684545477
