d1Avg (nm),Δd1(nm),d2Avg (nm),Δd2 (nm)
365.30739645048834,18.576526334539025,365.0528831753024,4.202165797325886
