d1Avg (nm),Δd1(nm),d2Avg (nm),Δd2 (nm)
766.5132646116688,19.561941059411623,762.7050379602845,4.088571458409138
