d1Avg (nm),Δd1(nm),d2Avg (nm),Δd2 (nm)
783.8339196231209,14.002142779701549,740.9833489157965,3.4362015659592213
