d1Avg (nm),d1Error (nm),d2Avg (nm),d2Error (nm)
2355.8919301302976,641.2051065398435,2365.5873625681334,12.117258314268678
