d1Avg (nm),Δd1(nm),d2Avg (nm),Δd2 (nm)
928.8313703854791,160.07512768239667,918.3730578693336,7.97891692826527
