d1Avg (nm),Δd1(nm),d2Avg (nm),Δd2 (nm)
950.3788255990563,26.175683412548032,960.7077902453286,4.350802632491936
