d1Avg (nm),Δd1(nm),d2Avg (nm),Δd2 (nm)
637.8675232427363,25.496928048468202,632.7404566460509,12.253866347386413
