d1Avg (nm),Δd1(nm),d2Avg (nm),Δd2 (nm)
1669.712073737884,556.1692436236244,1663.2946001504258,15.422451705565784
