d1Avg (nm),Δd1(nm),d2Avg (nm),Δd2 (nm)
885.6757809160815,27.74188956567552,921.9022480170503,5.069446794418777
