d1Avg (nm),Δd1(nm),d2Avg (nm),Δd2 (nm)
779.3845950320865,16.548195714310044,743.0973727705101,4.5124074744430835
