d1Avg (nm),Δd1(nm),d2Avg (nm),Δd2 (nm)
640.7341486851205,21.914866386889177,631.3024596490895,11.865671108246842
