d1Avg (nm),Δd1(nm),d2Avg (nm),Δd2 (nm)
906.1539585004197,218.5459859576285,899.1644036264661,6.237274579920568
