d1Avg (nm),Δd1(nm),d2Avg (nm),Δd2 (nm)
972.0326067528025,93.55216648628308,975.618542764641,10.034617872929827
