d1Avg (nm),Δd1(nm),d2Avg (nm),Δd2 (nm)
1375.264742895814,123.98674970205471,1368.5474770889468,8.006854958874975
