d1Avg (nm),Δd1(nm),d2Avg (nm),Δd2 (nm)
2553.1114961667517,70.26323188460002,2549.5194675753514,15.37876725820959
