d1Avg (nm),Δd1(nm),d2Avg (nm),Δd2 (nm)
2805.595503386715,160.1470988345763,2823.0849872816707,25.041633782819023
