d1Avg (nm),d1Error (nm),d2Avg (nm),d2Error (nm)
2475.9391028624805,161.65729952368633,2477.6471639371243,8.842953233198799
