d1Avg (nm),Δd1(nm),d2Avg (nm),Δd2 (nm)
2675.2732952336128,170.29537993076866,2651.1276089519033,20.107530130246086
