d1Avg (nm),d1Error (nm),d2Avg (nm),d2Error (nm)
2549.9380090455156,40.53165044600155,2548.0491909243165,10.750719218135504
