d1Avg (nm),Δd1(nm),d2Avg (nm),Δd2 (nm)
359.3473868810129,15.657269890500093,351.8114595025748,2.946972313950514
