d1Avg (nm),Δd1(nm),d2Avg (nm),Δd2 (nm)
2206.2418139733954,111.46864067281307,2205.522501425597,8.705566004552344
