d1Avg (nm),Δd1(nm),d2Avg (nm),Δd2 (nm)
2179.865903622066,102.85353583291264,2205.3403732051897,8.753907596240095
