d1Avg (nm),Δd1(nm),d2Avg (nm),Δd2 (nm)
2300.456612720329,208.7485236340791,2292.3816888195624,21.192063782964517
