d1Avg (nm),Δd1(nm),d2Avg (nm),Δd2 (nm)
2323.012636186083,212.14083185919327,2323.718220331342,23.343555473798844
