d1Avg (nm),Δd1(nm),d2Avg (nm),Δd2 (nm)
2169.90701171114,25.35687020188683,2144.169687439149,8.092204038798045
