d1Avg (nm),Δd1(nm),d2Avg (nm),Δd2 (nm)
3748.209587939003,130.41793961175225,3713.275954054857,20.468150511453157
