d1Avg (nm),d1Error (nm),d2Avg (nm),d2Error (nm)
628.2340378805106,13.209098794481852,606.3292303645414,0.8654413150981455
