d1Avg (nm),Δd1(nm),d2Avg (nm),Δd2 (nm)
616.6479632681044,11.00329421929057,608.2360530509916,2.7343917131906443
