d1Avg (nm),Δd1(nm),d2Avg (nm),Δd2 (nm)
619.9803917460827,8.206546980565156,607.1288513391479,2.477749206101474
