d1Avg (nm),Δd1(nm),d2Avg (nm),Δd2 (nm)
477.9498322858608,5.0833601669983395,488.99634429327716,2.6515389136402994
