d1Avg (nm),Δd1(nm),d2Avg (nm),Δd2 (nm)
474.3710390719568,6.955801970409852,487.74512788721825,3.0045079865182642
