d1Avg (nm),d1Error (nm),d2Avg (nm),d2Error (nm)
494.00591725383504,18.710513065691515,489.52696041778313,1.5160858744731684
