d1Avg (nm),d1Error (nm),d2Avg (nm),d2Error (nm)
1651.8089761934816,34.7123581428391,1613.723631795382,2.94690735805542
