d1Avg (nm),Δd1(nm),d2Avg (nm),Δd2 (nm)
1686.0452301096523,27.799334986422473,1706.6428692765642,7.561502899079802
