d1Avg (nm),Δd1(nm),d2Avg (nm),Δd2 (nm)
1675.9597563818456,42.19757814889915,1699.8996828390152,9.428999064308236
