d1Avg (nm),Δd1(nm),d2Avg (nm),Δd2 (nm)
740.6655580236073,15.867100365703863,753.6843606233152,3.3199560745138297
