d1Avg (nm),Δd1(nm),d2Avg (nm),Δd2 (nm)
755.074805890487,18.91098858517387,757.0368243830032,2.1307799133549388
