d1Avg (nm),d1Error (nm),d2Avg (nm),d2Error (nm)
756.3545262108969,14.060241606102895,753.400504296904,1.1853458796135896
