d1Avg (nm),Δd1(nm),d2Avg (nm),Δd2 (nm)
461.4865664415046,10.84552547825088,482.85341563427755,3.6914196260559504
