d1Avg (nm),Δd1(nm),d2Avg (nm),Δd2 (nm)
464.5642470103594,6.829570937930913,484.0612355980419,6.06654490338146
