d1Avg (nm),Δd1(nm),d2Avg (nm),Δd2 (nm)
673.0102446448594,23.623647267406888,687.3417204170036,4.424026221021278
