d1Avg (nm),Δd1(nm),d2Avg (nm),Δd2 (nm)
678.4181368700233,19.874599203078816,686.7720136665723,3.4352389679746462
