d1Avg (nm),Δd1(nm),d2Avg (nm),Δd2 (nm)
845.2036040833973,108.8403243352537,851.9173391285682,12.794015953414762
