d1Avg (nm),Δd1(nm),d2Avg (nm),Δd2 (nm)
828.4603585844256,97.27002162170747,842.774885007105,9.212265190784125
