d1Avg (nm),Δd1(nm),d2Avg (nm),Δd2 (nm)
750.4811428919727,13.14609478263066,754.804098165197,2.6318455818277386
