d1Avg (nm),Δd1(nm),d2Avg (nm),Δd2 (nm)
750.4811428919846,13.146094782634018,754.8040981651959,2.631845581827529
