d1Avg (nm),Δd1(nm),d2Avg (nm),Δd2 (nm)
383.9507376044268,23.826338447188107,366.2781278214567,5.98560464542017
