d1Avg (nm),Δd1(nm),d2Avg (nm),Δd2 (nm)
2181.395926873439,64.81631730149442,2181.4255452351563,5.53650376650445
