d1Avg (nm),Δd1(nm),d2Avg (nm),Δd2 (nm)
904.9795307433203,11.656096142041928,922.2459218577563,4.231528014390915
