d1Avg (nm),Δd1(nm),d2Avg (nm),Δd2 (nm)
702.4444888698116,32.57029977300119,675.028823938834,8.242510506045626
