d1Avg (nm),Δd1(nm),d2Avg (nm),Δd2 (nm)
914.7903267782972,15.182482381246452,958.3168401262178,3.748274731341892
