d1Avg (nm),Δd1(nm),d2Avg (nm),Δd2 (nm)
825.5927006106267,9.852215964460965,778.1328944133076,3.885909853638168
