d1Avg (nm),Δd1(nm),d2Avg (nm),Δd2 (nm)
803.1929648040623,18.92202471288186,786.5481701078838,13.35531649507423
