d1Avg (nm),Δd1(nm),d2Avg (nm),Δd2 (nm)
946.8123861339687,12.582316323138908,938.8705258659916,19.956492292346283
