d1Avg (nm),Δd1(nm),d2Avg (nm),Δd2 (nm)
635.3989144625114,21.178904605101884,611.9274513801565,9.204013261183144
