d1Avg (nm),Δd1(nm),d2Avg (nm),Δd2 (nm)
639.8600408533534,19.851877840245802,618.2552974257611,10.699696672040373
