d1Avg (nm),Δd1(nm),d2Avg (nm),Δd2 (nm)
1264.4612794703096,36.77686265169173,1233.1054537395119,8.652281694457763
