d1Avg (nm),Δd1(nm),d2Avg (nm),Δd2 (nm)
341.6440573629582,6.784217586803941,354.34751279746604,1.7440706905268686
