d1Avg (nm),Δd1(nm),d2Avg (nm),Δd2 (nm)
2373.733213436404,118.35132436103784,2368.6834743512873,8.845155698868728
