d1Avg (nm),Δd1(nm),d2Avg (nm),Δd2 (nm)
2392.2732665888207,124.0131036404825,2392.9507523901943,9.50095828867173
