d1Avg (nm),Δd1(nm),d2Avg (nm),Δd2 (nm)
2313.435918802302,90.92553477094916,2288.6153636470726,7.6550991111206725
