d1Avg (nm),Δd1(nm),d2Avg (nm),Δd2 (nm)
2291.2004390396355,89.45792173451707,2273.7780871137165,6.225017984649614
