d1Avg (nm),Δd1(nm),d2Avg (nm),Δd2 (nm)
632.569161130722,16.032933168663845,614.1616161858176,3.4614749091213004
