d1Avg (nm),Δd1(nm),d2Avg (nm),Δd2 (nm)
485.13973494814854,15.386671939776273,497.12610198895095,2.939650481420506
