d1Avg (nm),Δd1(nm),d2Avg (nm),Δd2 (nm)
1820.5620745679612,38.66514193564608,1802.8626341951942,8.397083282794359
