d1Avg (nm),Δd1(nm),d2Avg (nm),Δd2 (nm)
776.6351913958163,19.19621080813349,764.6074435537035,3.823736233333254
