d1Avg (nm),Δd1(nm),d2Avg (nm),Δd2 (nm)
712.7957486820693,21.19265832064743,724.1198876647567,4.743126529292229
