d1Avg (nm),Δd1(nm),d2Avg (nm),Δd2 (nm)
482.7641569748218,11.91507436844008,496.3262099005545,2.8041432180887957
