d1Avg (nm),Δd1(nm),d2Avg (nm),Δd2 (nm)
4419.6557848572,78.16273352070758,4425.899108009672,10.768759791600203
