d1Avg (nm),Δd1(nm),d2Avg (nm),Δd2 (nm)
1795.9983287285718,9.688806331991154,1805.5128841621838,2.5358047032413373
