d1Avg (nm),Δd1(nm),d2Avg (nm),Δd2 (nm)
2467.395170939662,90.24106202884742,2458.0826306543954,8.282637281277527
