d1Avg (nm),Δd1(nm),d2Avg (nm),Δd2 (nm)
5212.450980018433,4329.277660960112,5206.1194557081,40.82304239474523
