d1Avg (nm),Δd1(nm),d2Avg (nm),Δd2 (nm)
3590.3490441554272,59.71478144858446,3598.9746891357127,8.713090224467196
