d1Avg (nm),Δd1(nm),d2Avg (nm),Δd2 (nm)
2603.352780932607,205.7363793645533,nan,nan
