d1Avg (nm),Δd1(nm),d2Avg (nm),Δd2 (nm)
1591.920245116399,6.006588886996344,1584.3205095849314,2.3059211029171833
