d1Avg (nm),Δd1(nm),d2Avg (nm),Δd2 (nm)
4598.546102985027,85.984306566966,4599.432369912406,12.161940373674195
