d1Avg (nm),Δd1(nm),d2Avg (nm),Δd2 (nm)
2514.7765230739483,35.60760886435263,2511.0853602399307,5.955968963074498
