d1Avg (nm),Δd1(nm),d2Avg (nm),Δd2 (nm)
677.5095967274096,89.12685148381472,682.8564537753311,2.5701322074547823
