d1Avg (nm),Δd1(nm),d2Avg (nm),Δd2 (nm)
2339.0004558398346,37.6633595422962,2334.823978056717,6.935374002190742
