d1Avg (nm),Δd1(nm),d2Avg (nm),Δd2 (nm)
2350.8575066056233,28.58445750933486,2354.8520618960197,4.633210993972314
