d1Avg (nm),Δd1(nm),d2Avg (nm),Δd2 (nm)
3386.2751086111816,69.55925134719172,3378.835080024753,6.426331856404686
