d1Avg (nm),Δd1(nm),d2Avg (nm),Δd2 (nm)
966.4733495682954,15.369823172456064,nan,nan
