d1Avg (nm),Δd1(nm),d2Avg (nm),Δd2 (nm)
3441.3468430527014,39.7959858721183,3426.205069748423,8.396619591987333
