d1Avg (nm),Δd1(nm),d2Avg (nm),Δd2 (nm)
1381.5774261563488,3.7651937793682735,1362.0552890843226,2.203890549686389
