d1Avg (nm),Δd1(nm),d2Avg (nm),Δd2 (nm)
3270.315685413753,62.657464945819804,3265.34591875012,6.2701727437489545
