d1Avg (nm),Δd1(nm),d2Avg (nm),Δd2 (nm)
1050.8704381586742,361.519389981576,1058.9504941279006,24.084583079172
