d1Avg (nm),Δd1(nm),d2Avg (nm),Δd2 (nm)
3814.8949405347867,58.715034901987124,3815.992121509948,9.18284903759175
