d1Avg (nm),Δd1(nm),d2Avg (nm),Δd2 (nm)
913.8304468436394,124.04631992288243,nan,nan
