d1Avg (nm),Δd1(nm),d2Avg (nm),Δd2 (nm)
474.37103907196547,4.818866514534691,487.7451278872178,2.7606902875566144
