d1Avg (nm),Δd1(nm),d2Avg (nm),Δd2 (nm)
1675.9597563818486,26.533451869430117,1689.9292223048633,8.757787069848833
