d1Avg (nm),Δd1(nm),d2Avg (nm),Δd2 (nm)
845.2036040834319,104.37707620728939,845.9405350371047,8.049409482088073
