d1Avg (nm),d1Error (nm),d2Avg (nm),d2Error (nm)
2688.120217600972,165.94272640453704,2651.9074217055613,7.022964848019895
