d1Avg (nm),d1Error (nm),d2Avg (nm),d2Error (nm)
2651.5609173166977,81.43784681783795,2642.364744250642,4.791287929808617
