d1Avg (nm),d1Error (nm),d2Avg (nm),d2Error (nm)
2789.886594410306,92.53103004494263,2774.059072853374,4.37936909193533
