d1Avg (nm),d1Error (nm),d2Avg (nm),d2Error (nm)
2549.9380090455156,40.53165044600155,2529.596984295509,9.528556347868317
