d1Avg (nm),d1Error (nm),d2Avg (nm),d2Error (nm)
359.5879326354612,15.47206235154249,354.7521360532413,0.8057042685087462
