d1Avg (nm),d1Error (nm),d2Avg (nm),d2Error (nm)
498.727627170937,130.855461071374,494.70562484156466,9.488079856165042
