d1Avg (nm),d1Error (nm),d2Avg (nm),d2Error (nm)
3696.523216731623,67.06611184845511,3682.0097411518414,2.657768672653394
