d1Avg (nm),d1Error (nm),d2Avg (nm),d2Error (nm)
3737.9364399478654,76.62956169166695,3700.2149579146017,5.950746598580051
