d1Avg (nm),d1Error (nm),d2Avg (nm),d2Error (nm)
628.2340378805106,13.209098794481852,606.1050828089893,0.7941200851181687
