d1Avg (nm),d1Error (nm),d2Avg (nm),d2Error (nm)
494.00591725383504,18.710513065691515,490.70396564891837,1.191174473169707
