d1Avg (nm),d1Error (nm),d2Avg (nm),d2Error (nm)
1675.6384957675548,26.541028881565463,1697.958691329597,5.340939890607878
