d1Avg (nm),d1Error (nm),d2Avg (nm),d2Error (nm)
756.3545262108969,14.060241606102895,753.9046208276268,0.831623288908036
