d1Avg (nm),Δd1(nm),d2Avg (nm),Δd2 (nm)
359.3473868810137,15.45020470558959,351.81145950257473,2.855703681479847
