d1Avg (nm),Δd1(nm),d2Avg (nm),Δd2 (nm)
359.4845127204334,15.453735631994086,351.91884967473874,2.8660070650665963
