d1Avg (nm),Δd1(nm),d2Avg (nm),Δd2 (nm)
359.4845127204358,15.453735631994295,351.9188496747385,2.8660070650665315
